{"stats":{"minecraft:mined":{"minecraft:short_grass":14,"minecraft:grass_block":3,"minecraft:oak_log":8,"minecraft:sand":7,"minecraft:dirt":4,"minecraft:tall_grass":30},"minecraft:custom":{"minecraft:time_since_rest":15868,"minecraft:crouch_one_cm":2229,"minecraft:play_time":15868,"minecraft:sprint_one_cm":27127,"minecraft:damage_taken":235,"minecraft:walk_one_cm":21277,"minecraft:sneak_time":1517,"minecraft:walk_under_water_one_cm":854,"minecraft:mob_kills":2,"minecraft:jump":171,"minecraft:damage_dealt":446,"minecraft:leave_game":2,"minecraft:time_since_death":15868,"minecraft:walk_on_water_one_cm":1101,"minecraft:total_world_time":15868,"minecraft:fall_one_cm":3928,"minecraft:fly_one_cm":39135},"minecraft:used":{"minecraft:rotten_flesh":2,"minecraft:dirt":2,"minecraft:sand":12,"minecraft:oak_planks":8},"minecraft:crafted":{"minecraft:oak_planks":8},"minecraft:picked_up":{"minecraft:rotten_flesh":2,"minecraft:wheat_seeds":7,"minecraft:sand":27,"minecraft:oak_log":8,"minecraft:mutton":2,"minecraft:dirt":26,"minecraft:white_wool":1},"minecraft:killed":{"minecraft:sheep":1,"minecraft:zombie":1}},"DataVersion":3953}