{"stats":{"minecraft:crafted":{"minecraft:oak_planks":32,"minecraft:crafting_table":1,"minecraft:stick":4,"minecraft:oak_trapdoor":2},"minecraft:mined":{"minecraft:birch_log":6,"minecraft:short_grass":18,"minecraft:grass_block":9,"minecraft:oak_log":8,"minecraft:dirt":21,"minecraft:sand":7,"minecraft:tall_grass":37,"minecraft:sugar_cane":1},"minecraft:custom":{"minecraft:time_since_rest":21172,"minecraft:sprint_one_cm":40283,"minecraft:damage_taken":235,"minecraft:walk_one_cm":30742,"minecraft:mob_kills":2,"minecraft:damage_dealt":466,"minecraft:interact_with_crafting_table":3,"minecraft:fly_one_cm":53279,"minecraft:crouch_one_cm":2452,"minecraft:play_time":21172,"minecraft:walk_under_water_one_cm":854,"minecraft:sneak_time":1784,"minecraft:jump":232,"minecraft:leave_game":4,"minecraft:walk_on_water_one_cm":1101,"minecraft:time_since_death":21172,"minecraft:total_world_time":21172,"minecraft:fall_one_cm":5507},"minecraft:killed":{"minecraft:sheep":1,"minecraft:zombie":1},"minecraft:picked_up":{"minecraft:birch_log":6,"minecraft:sand":27,"minecraft:oak_log":8,"minecraft:dirt":48,"minecraft:rotten_flesh":2,"minecraft:wheat_seeds":9,"minecraft:sugar_cane":2,"minecraft:mutton":2,"minecraft:white_wool":1,"minecraft:egg":2},"minecraft:used":{"minecraft:oak_trapdoor":1,"minecraft:oak_planks":8,"minecraft:rotten_flesh":2,"minecraft:dirt":32,"minecraft:sand":12,"minecraft:crafting_table":1,"minecraft:egg":2}},"DataVersion":3953}