{"stats":{"minecraft:crafted":{"minecraft:oak_planks":32,"minecraft:charcoal":2,"minecraft:crafting_table":1,"minecraft:stick":8,"minecraft:wooden_pickaxe":1,"minecraft:furnace":1,"minecraft:campfire":1,"minecraft:stone_axe":1,"minecraft:oak_trapdoor":2},"minecraft:mined":{"minecraft:birch_log":6,"minecraft:andesite":9,"minecraft:short_grass":18,"minecraft:grass_block":9,"minecraft:oak_log":8,"minecraft:dirt":37,"minecraft:sand":7,"minecraft:tall_grass":38,"minecraft:stone":18,"minecraft:sugar_cane":1},"minecraft:custom":{"minecraft:time_since_rest":33094,"minecraft:interact_with_furnace":5,"minecraft:sprint_one_cm":55114,"minecraft:damage_taken":265,"minecraft:walk_one_cm":40131,"minecraft:mob_kills":17,"minecraft:damage_dealt":1126,"minecraft:swim_one_cm":6972,"minecraft:interact_with_crafting_table":8,"minecraft:fly_one_cm":73034,"minecraft:crouch_one_cm":2977,"minecraft:play_time":33094,"minecraft:interact_with_campfire":14,"minecraft:walk_under_water_one_cm":9826,"minecraft:sneak_time":2364,"minecraft:jump":330,"minecraft:leave_game":4,"minecraft:walk_on_water_one_cm":5564,"minecraft:time_since_death":33094,"minecraft:total_world_time":33094,"minecraft:fall_one_cm":7028},"minecraft:killed":{"minecraft:sheep":1,"minecraft:skeleton":1,"minecraft:zombie":1,"minecraft:chicken":1,"minecraft:salmon":11,"minecraft:cow":2},"minecraft:picked_up":{"minecraft:birch_log":6,"minecraft:cooked_beef":2,"minecraft:chicken":1,"minecraft:salmon":10,"minecraft:andesite":9,"minecraft:sand":27,"minecraft:oak_log":8,"minecraft:dirt":64,"minecraft:cooked_salmon":8,"minecraft:cooked_mutton":2,"minecraft:arrow":2,"minecraft:rotten_flesh":2,"minecraft:wheat_seeds":9,"minecraft:beef":5,"minecraft:sugar_cane":2,"minecraft:birch_sapling":1,"minecraft:mutton":2,"minecraft:white_wool":1,"minecraft:cobblestone":15,"minecraft:egg":2},"minecraft:used":{"minecraft:oak_trapdoor":1,"minecraft:cooked_mutton":2,"minecraft:oak_planks":8,"minecraft:wooden_pickaxe":28,"minecraft:rotten_flesh":2,"minecraft:stone_axe":18,"minecraft:dirt":37,"minecraft:sand":12,"minecraft:crafting_table":1,"minecraft:furnace":1,"minecraft:campfire":1,"minecraft:egg":2,"minecraft:cooked_beef":2}},"DataVersion":3953}