{"stats":{"minecraft:crafted":{"minecraft:oak_planks":32,"minecraft:stone_shovel":1,"minecraft:charcoal":2,"minecraft:crafting_table":1,"minecraft:stick":12,"minecraft:wooden_pickaxe":1,"minecraft:stone_pickaxe":1,"minecraft:furnace":1,"minecraft:campfire":1,"minecraft:stone_axe":1,"minecraft:oak_trapdoor":2},"minecraft:mined":{"minecraft:birch_log":6,"minecraft:andesite":9,"minecraft:clay":25,"minecraft:short_grass":21,"minecraft:grass_block":14,"minecraft:oak_log":8,"minecraft:dirt":38,"minecraft:sand":7,"minecraft:tall_grass":39,"minecraft:stone":21,"minecraft:sugar_cane":1},"minecraft:custom":{"minecraft:time_since_rest":41885,"minecraft:interact_with_furnace":5,"minecraft:sprint_one_cm":66749,"minecraft:damage_taken":265,"minecraft:walk_one_cm":46069,"minecraft:mob_kills":18,"minecraft:damage_dealt":1206,"minecraft:swim_one_cm":62902,"minecraft:interact_with_crafting_table":9,"minecraft:fly_one_cm":104132,"minecraft:crouch_one_cm":4020,"minecraft:play_time":41885,"minecraft:interact_with_campfire":14,"minecraft:walk_under_water_one_cm":14321,"minecraft:sneak_time":3370,"minecraft:jump":448,"minecraft:leave_game":5,"minecraft:walk_on_water_one_cm":11858,"minecraft:time_since_death":41885,"minecraft:total_world_time":41885,"minecraft:fall_one_cm":9594},"minecraft:killed":{"minecraft:sheep":1,"minecraft:skeleton":1,"minecraft:zombie":1,"minecraft:chicken":1,"minecraft:salmon":11,"minecraft:cow":3},"minecraft:picked_up":{"minecraft:birch_log":6,"minecraft:cooked_beef":2,"minecraft:chicken":1,"minecraft:clay_ball":84,"minecraft:salmon":10,"minecraft:andesite":9,"minecraft:sand":27,"minecraft:oak_log":8,"minecraft:dirt":70,"minecraft:cooked_salmon":10,"minecraft:cooked_mutton":2,"minecraft:arrow":2,"minecraft:rotten_flesh":2,"minecraft:wheat_seeds":9,"minecraft:beef":7,"minecraft:sugar_cane":2,"minecraft:birch_sapling":1,"minecraft:mutton":2,"minecraft:white_wool":1,"minecraft:cobblestone":21,"minecraft:egg":2},"minecraft:used":{"minecraft:oak_trapdoor":1,"minecraft:cooked_mutton":2,"minecraft:stone_shovel":35,"minecraft:oak_planks":8,"minecraft:wooden_pickaxe":31,"minecraft:rotten_flesh":2,"minecraft:stone_axe":19,"minecraft:dirt":48,"minecraft:sand":12,"minecraft:crafting_table":1,"minecraft:furnace":1,"minecraft:campfire":1,"minecraft:egg":2,"minecraft:cooked_beef":2}},"DataVersion":3953}