{"stats":{"minecraft:mined":{"minecraft:oak_log":2,"minecraft:sand":4},"minecraft:used":{"minecraft:sand":4},"minecraft:custom":{"minecraft:jump":31,"minecraft:time_since_rest":2894,"minecraft:damage_dealt":225,"minecraft:crouch_one_cm":473,"minecraft:walk_on_water_one_cm":142,"minecraft:sprint_one_cm":3385,"minecraft:play_time":2894,"minecraft:damage_taken":235,"minecraft:time_since_death":2894,"minecraft:walk_one_cm":6508,"minecraft:sneak_time":363,"minecraft:total_world_time":2894,"minecraft:mob_kills":1,"minecraft:fall_one_cm":526,"minecraft:fly_one_cm":7005},"minecraft:crafted":{"minecraft:oak_planks":8},"minecraft:picked_up":{"minecraft:sand":20,"minecraft:oak_log":2,"minecraft:rotten_flesh":2},"minecraft:killed":{"minecraft:zombie":1}},"DataVersion":3953}