{"stats":{"minecraft:mined":{"minecraft:short_grass":14,"minecraft:grass_block":2,"minecraft:oak_log":8,"minecraft:sand":7,"minecraft:tall_grass":30},"minecraft:custom":{"minecraft:time_since_rest":14424,"minecraft:crouch_one_cm":2229,"minecraft:play_time":14424,"minecraft:sprint_one_cm":26211,"minecraft:damage_taken":235,"minecraft:walk_one_cm":20176,"minecraft:sneak_time":1301,"minecraft:walk_under_water_one_cm":854,"minecraft:mob_kills":2,"minecraft:jump":154,"minecraft:damage_dealt":426,"minecraft:leave_game":1,"minecraft:time_since_death":14424,"minecraft:walk_on_water_one_cm":1101,"minecraft:total_world_time":14424,"minecraft:fall_one_cm":3510,"minecraft:fly_one_cm":35192},"minecraft:used":{"minecraft:rotten_flesh":2,"minecraft:sand":12,"minecraft:oak_planks":8},"minecraft:crafted":{"minecraft:oak_planks":8},"minecraft:picked_up":{"minecraft:rotten_flesh":2,"minecraft:wheat_seeds":7,"minecraft:sand":27,"minecraft:oak_log":8,"minecraft:mutton":2,"minecraft:white_wool":1,"minecraft:dirt":21},"minecraft:killed":{"minecraft:sheep":1,"minecraft:zombie":1}},"DataVersion":3953}