{"stats":{"minecraft:mined":{"minecraft:spruce_log":6,"minecraft:dandelion":2,"minecraft:crafting_table":1,"minecraft:short_grass":21,"minecraft:oak_log":10,"minecraft:sand":7,"minecraft:tall_grass":5,"minecraft:spruce_leaves":7,"minecraft:oak_leaves":4},"minecraft:killed_by":{"minecraft:spider":1,"minecraft:zombie":1},"minecraft:used":{"minecraft:wooden_axe":14,"minecraft:chicken":1,"minecraft:oak_planks":36,"minecraft:spruce_planks":12,"minecraft:wooden_sword":20,"minecraft:sand":22,"minecraft:mutton":2,"minecraft:beef":3,"minecraft:crafting_table":2,"minecraft:porkchop":14},"minecraft:custom":{"minecraft:time_since_rest":3793,"minecraft:sprint_one_cm":48012,"minecraft:damage_taken":942,"minecraft:walk_one_cm":34907,"minecraft:mob_kills":11,"minecraft:drop":5,"minecraft:damage_dealt":1026,"minecraft:swim_one_cm":39316,"minecraft:interact_with_crafting_table":2,"minecraft:fly_one_cm":128716,"minecraft:crouch_one_cm":1951,"minecraft:play_time":24335,"minecraft:deaths":2,"minecraft:sneak_time":658,"minecraft:walk_under_water_one_cm":3307,"minecraft:jump":785,"minecraft:leave_game":2,"minecraft:time_since_death":3757,"minecraft:walk_on_water_one_cm":11101,"minecraft:total_world_time":24335,"minecraft:fall_one_cm":27845},"minecraft:dropped":{"minecraft:wheat_seeds":4,"minecraft:oak_planks":1},"minecraft:crafted":{"minecraft:wooden_sword":1,"minecraft:oak_planks":40,"minecraft:crafting_table":2,"minecraft:stick":4,"minecraft:spruce_planks":24,"minecraft:wooden_axe":1},"minecraft:picked_up":{"minecraft:azure_bluet":1,"minecraft:stick":2,"minecraft:crafting_table":1,"minecraft:feather":2,"minecraft:chicken":1,"minecraft:dandelion":2,"minecraft:porkchop":14,"minecraft:sand":22,"minecraft:oak_log":10,"minecraft:spruce_log":6,"minecraft:gunpowder":2,"minecraft:dirt":19,"minecraft:wheat_seeds":4,"minecraft:beef":3,"minecraft:gray_wool":1,"minecraft:light_gray_wool":1,"minecraft:mutton":3},"minecraft:killed":{"minecraft:sheep":2,"minecraft:pig":6,"minecraft:chicken":1,"minecraft:cow":1}},"DataVersion":3953}