{"stats":{"minecraft:mined":{"minecraft:spruce_log":6,"minecraft:dandelion":2,"minecraft:crafting_table":1,"minecraft:short_grass":24,"minecraft:grass_block":9,"minecraft:oak_log":10,"minecraft:dirt":3,"minecraft:sand":35,"minecraft:tall_grass":5,"minecraft:spruce_leaves":7,"minecraft:oak_leaves":4},"minecraft:killed_by":{"minecraft:spider":1,"minecraft:zombie":3},"minecraft:used":{"minecraft:wooden_axe":14,"minecraft:chicken":1,"minecraft:oak_planks":36,"minecraft:spruce_planks":12,"minecraft:light_gray_wool":1,"minecraft:dirt":8,"minecraft:wooden_sword":20,"minecraft:sand":40,"minecraft:mutton":3,"minecraft:beef":3,"minecraft:crafting_table":2,"minecraft:porkchop":14,"minecraft:gray_wool":1,"minecraft:azure_bluet":1},"minecraft:custom":{"minecraft:time_since_rest":9325,"minecraft:sprint_one_cm":57398,"minecraft:damage_taken":1612,"minecraft:walk_one_cm":54394,"minecraft:mob_kills":11,"minecraft:drop":5,"minecraft:damage_dealt":1193,"minecraft:swim_one_cm":40118,"minecraft:interact_with_crafting_table":2,"minecraft:fly_one_cm":169326,"minecraft:crouch_one_cm":7338,"minecraft:play_time":50993,"minecraft:deaths":4,"minecraft:sneak_time":4435,"minecraft:walk_under_water_one_cm":4219,"minecraft:jump":981,"minecraft:leave_game":2,"minecraft:time_since_death":9292,"minecraft:walk_on_water_one_cm":12706,"minecraft:total_world_time":50993,"minecraft:fall_one_cm":31411},"minecraft:dropped":{"minecraft:wheat_seeds":4,"minecraft:oak_planks":1},"minecraft:crafted":{"minecraft:wooden_sword":1,"minecraft:oak_planks":40,"minecraft:crafting_table":2,"minecraft:spruce_planks":24,"minecraft:stick":4,"minecraft:wooden_axe":1},"minecraft:picked_up":{"minecraft:stick":2,"minecraft:crafting_table":1,"minecraft:azure_bluet":2,"minecraft:feather":2,"minecraft:chicken":1,"minecraft:dandelion":2,"minecraft:porkchop":14,"minecraft:sand":45,"minecraft:oak_log":10,"minecraft:gunpowder":2,"minecraft:spruce_log":6,"minecraft:dirt":27,"minecraft:wheat_seeds":4,"minecraft:beef":3,"minecraft:gray_wool":1,"minecraft:light_gray_wool":1,"minecraft:mutton":3},"minecraft:killed":{"minecraft:sheep":2,"minecraft:pig":6,"minecraft:chicken":1,"minecraft:cow":1}},"DataVersion":3953}