{"stats":{"minecraft:mined":{"minecraft:short_grass":2,"minecraft:oak_log":3},"minecraft:used":{"minecraft:sand":13,"minecraft:oak_planks":11},"minecraft:custom":{"minecraft:time_since_rest":4956,"minecraft:sprint_one_cm":15716,"minecraft:play_time":4956,"minecraft:damage_taken":50,"minecraft:walk_one_cm":7876,"minecraft:sneak_time":10,"minecraft:walk_under_water_one_cm":130,"minecraft:drop":1,"minecraft:jump":219,"minecraft:damage_dealt":30,"minecraft:leave_game":1,"minecraft:walk_on_water_one_cm":1328,"minecraft:time_since_death":4956,"minecraft:total_world_time":4956,"minecraft:swim_one_cm":2235,"minecraft:fall_one_cm":7630,"minecraft:fly_one_cm":48699},"minecraft:crafted":{"minecraft:oak_planks":12},"minecraft:dropped":{"minecraft:oak_planks":1},"minecraft:picked_up":{"minecraft:sand":16,"minecraft:oak_log":3}},"DataVersion":3953}