{"stats":{"minecraft:mined":{"minecraft:spruce_log":6,"minecraft:crafting_table":1,"minecraft:short_grass":5,"minecraft:oak_log":10,"minecraft:spruce_leaves":7,"minecraft:oak_leaves":1},"minecraft:used":{"minecraft:wooden_axe":14,"minecraft:chicken":1,"minecraft:oak_planks":36,"minecraft:spruce_planks":12,"minecraft:wooden_sword":19,"minecraft:sand":16,"minecraft:crafting_table":2,"minecraft:porkchop":14},"minecraft:custom":{"minecraft:time_since_rest":16956,"minecraft:sprint_one_cm":39022,"minecraft:damage_taken":445,"minecraft:walk_one_cm":26589,"minecraft:mob_kills":8,"minecraft:drop":1,"minecraft:damage_dealt":690,"minecraft:swim_one_cm":36034,"minecraft:interact_with_crafting_table":2,"minecraft:fly_one_cm":95380,"minecraft:crouch_one_cm":1541,"minecraft:play_time":16956,"minecraft:sneak_time":509,"minecraft:walk_under_water_one_cm":2208,"minecraft:jump":607,"minecraft:leave_game":1,"minecraft:time_since_death":16956,"minecraft:walk_on_water_one_cm":10941,"minecraft:total_world_time":16956,"minecraft:fall_one_cm":22209},"minecraft:dropped":{"minecraft:oak_planks":1},"minecraft:crafted":{"minecraft:wooden_sword":1,"minecraft:oak_planks":40,"minecraft:crafting_table":2,"minecraft:stick":4,"minecraft:spruce_planks":24,"minecraft:wooden_axe":1},"minecraft:picked_up":{"minecraft:stick":2,"minecraft:crafting_table":1,"minecraft:feather":2,"minecraft:chicken":1,"minecraft:porkchop":14,"minecraft:sand":16,"minecraft:oak_log":10,"minecraft:spruce_log":6,"minecraft:gunpowder":2,"minecraft:dirt":19},"minecraft:killed":{"minecraft:pig":6,"minecraft:chicken":1}},"DataVersion":3953}